Kinase,Protein sequence
AKT1_HUMAN,MSDVAIVKEGWLHKRGEYIKTWRPRYFLLKNDGTFIGYKERPQDVDQREAPLNNFSVAQCQLMKTERPRPNTFIIRCLQWTTVIERTFHVETPEEREEWTTAIQTVADGLKKQEEEEMDFRSGSPSDNSGAEEMEVSLAKPKHRVTMNEFEYLKLLGKGTFGKVILVKEKATGRYYAMKILKKEVIVAKDEVAHTLTENRVLQNSRHPFLTALKYSFQTHDRLCFVMEYANGGELFFHLSRERVFSEDRARFYGAEIVSALDYLHSEKNVVYRDLKLENLMLDKDGHIKITDFGLCKEGIKDGATMKTFCGTPEYLAPEVLEDNDYGRAVDWWGLGVVMYEMMCGRLPFYNQDHEKLFELILMEEIRFPRTLGPEAKSLLSGLLKKDPKQRLGGGSEDAKEIMQHRFFAGIVWQHVYEKKLSPPFKPQVTSETDTRYFDEEFTAQMITITPPDQDDSMECVDSERRPHFPQFSYSASGTA
AKT2_HUMAN,MNEVSVIKEGWLHKRGEYIKTWRPRYFLLKSDGSFIGYKERPEAPDQTLPPLNNFSVAECQLMKTERPRPNTFVIRCLQWTTVIERTFHVDSPDEREEWMRAIQMVANSLKQRAPGEDPMDYKCGSPSDSSTTEEMEVAVSKARAKVTMNDFDYLKLLGKGTFGKVILVREKATGRYYAMKILRKEVIIAKDEVAHTVTESRVLQNTRHPFLTALKYAFQTHDRLCFVMEYANGGELFFHLSRERVFTEERARFYGAEIVSALEYLHSRDVVYRDIKLENLMLDKDGHIKITDFGLCKEGISDGATMKTFCGTPEYLAPEVLEDNDYGRAVDWWGLGVVMYEMMCGRLPFYNQDHERLFELILMEEIRFPRTLSPEAKSLLAGLLKKDPKQRLGGGPSDAKEVMEHRFFLSINWQDVVQKKLLPPFKPQVTSEVDTRYFDDEFTAQSITITPPDRYDSLGLLELDQRTHFPQFSYSASIRE
AKT3_HUMAN,MSDVTIVKEGWVQKRGEYIKNWRPRYFLLKTDGSFIGYKEKPQDVDLPYPLNNFSVAKCQLMKTERPKPNTFIIRCLQWTTVIERTFHVDTPEEREEWTEAIQAVADRLQRQEEERMNCSPTSQIDNIGEEEMDASTTHHKRKTMNDFDYLKLLGKGTFGKVILVREKASGKYYAMKILKKEVIIAKDEVAHTLTESRVLKNTRHPFLTSLKYSFQTKDRLCFVMEYVNGGELFFHLSRERVFSEDRTRFYGAEIVSALDYLHSGKIVYRDLKLENLMLDKDGHIKITDFGLCKEGITDAATMKTFCGTPEYLAPEVLEDNDYGRAVDWWGLGVVMYEMMCGRLPFYNQDHEKLFELILMEDIKFPRTLSSDAKSLLSGLLIKDPNKRLGGGPDDAKEIMRHSFFSGVNWQDVYDKKLVPPFKPQVTSETDTRYFDEEFTAQTITITPPEKYDEDGMDCMDNERRPHFPQFSYSASGRE
MRCKA_HUMAN,MSGEVRLRQLEQFILDGPAQTNGQCFSVETLLDILICLYDECNNSPLRREKNILEYLEWAKPFTSKVKQMRLHREDFEILKVIGRGAFGEVAVVKLKNADKVFAMKILNKWEMLKRAETACFREERDVLVNGDNKWITTLHYAFQDDNNLYLVMDYYVGGDLLTLLSKFEDRLPEDMARFYLAEMVIAIDSVHQLHYVHRDIKPDNILMDMNGHIRLADFGSCLKLMEDGTVQSSVAVGTPDYISPEILQAMEDGKGRYGPECDWWSLGVCMYEMLYGETPFYAESLVETYGKIMNHKERFQFPAQVTDVSENAKDLIRRLICSREHRLGQNGIEDFKKHPFFSGIDWDNIRNCEAPYIPEVSSPTDTSNFDVDDDCLKNSETMPPPTHTAFSGHHLPFVGFTYTSSCVLSDRSCLRVTAGPTSLDLDVNVQRTLDNNLATEAYERRIKRLEQEKLELSRKLQESTQTVQALQYSTVDGPLTASKDLEIKNLKEEIEKLRKQVTESSHLEQQLEEANAVRQELDDAFRQIKAYEKQIKTLQQEREDLNKELVQASERLKNQSKELKDAHCQRKLAMQEFMEINERLTELHTQKQKLARHVRDKEEEVDLVMQKVESLRQELRRTERAKKELEVHTEALAAEASKDRKLREQSEHYSKQLENELEGLKQKQISYSPGVCSIEHQQEITKLKTDLEKKSIFYEEELSKREGIHANEIKNLKKELHDSEGQQLALNKEIMILKDKLEKTRRESQSEREEFESEFKQQYEREKVLLTEENKKLTSELDKLTTLYENLSIHNQQLEEEVKDLADKKESVAHWEAQITEIIQWVSDEKDARGYLQALASKMTEELEALRNSSLGTRATDMPWKMRRFAKLDMSARLELQSALDAEIRAKQAIQEELNKVKASNIITECKLKDSEKKNLELLSEIEQLIKDTEELRSEKGIEHQDSQHSFLAFLNTPTDALDQFERSPSCTPASKGRRTVDSTPLSVHTPTLRKKGCPGSTGFPPKRKTHQFFVKSFTTPTKCHQCTSLMVGLIRQGCSCEVCGFSCHITCVNKAPTTCPVPPEQTKGPLGIDPQKGIGTAYEGHVRIPKPAGVKKGWQRALAIVCDFKLFLYDIAEGKASQPSVVISQVIDMRDEEFSVSSVLASDVIHASRKDIPCIFRVTASQLSASNNKCSILMLADTENEKNKWVGVLSELHKILKKNKFRDRSVYVPKEAYDSTLPLIKTTQAAAIIDHERIALGNEEGLFVVHVTKDEIIRVGDNKKIHQIELIPNDQLVAVISGRNRHVRLFPMSALDGRETDFYKLSETKGCQTVTSGKVRHGALTCLCVAMKRQVLCYELFQSKTRHRKFKEIQVPYNVQWMAIFSEQLCVGFQSGFLRYPLNGEGNPYSMLHSNDHTLSFIAHQPMDAICAVEISSKEYLLCFNSIGIYTDCQGRRSRQQELMWPANPSSCCYNAPYLSVYSENAVDIFDVNSMEWIQTLPLKKVRPLNNEGSLNLLGLETIRLIYFKNKMAEGDELVVPETSDNSRKQMVRNINNKRRYSFRVPEEERMQQRREMLRDPEMRNKLISNPTNFNHIAHMGPGDGIQILKDLPMNPRPQESRTVFSGSVSIPSITKSRPEPGRSMSASSGLSARSSAQNGSALKREFSGGSYSAKRQPMPSPSEGSLSSGGMDQGSDAPARDFDGEDSDSPRHSTASNSSNLSSPPSPASPRKTKSLSLESTDRGSWDP
MRCKB_HUMAN,MSAKVRLKKLEQLLLDGPWRNESALSVETLLDVLVCLYTECSHSALRRDKYVAEFLEWAKPFTQLVKEMQLHREDFEIIKVIGRGAFGEVAVVKMKNTERIYAMKILNKWEMLKRAETACFREERDVLVNGDCQWITALHYAFQDENHLYLVMDYYVGGDLLTLLSKFEDKLPEDMARFYIGEMVLAIDSIHQLHYVHRDIKPDNVLLDVNGHIRLADFGSCLKMNDDGTVQSSVAVGTPDYISPEILQAMEDGMGKYGPECDWWSLGVCMYEMLYGETPFYAESLVETYGKIMNHEERFQFPSHVTDVSEEAKDLIQRLICSRERRLGQNGIEDFKKHAFFEGLNWENIRNLEAPYIPDVSSPSDTSNFDVDDDVLRNTEILPPGSHTGFSGLHLPFIGFTFTTESCFSDRGSLKSIMQSNTLTKDEDVQRDLEHSLQMEAYERRIRRLEQEKLELSRKLQESTQTVQSLHGSSRALSNSNRDKEIKKLNEEIERLKNKIADSNRLERQLEDTVALRQEREDSTQRLRGLEKQHRVVRQEKEELHKQLVEASERLKSQAKELKDAHQQRKLALQEFSELNERMAELRAQKQKVSRQLRDKEEEMEVATQKVDAMRQEMRRAEKLRKELEAQLDDAVAEASKERKLREHSENFCKQMESELEALKVKQGGRGAGATLEHQQEISKIKSELEKKVLFYEEELVRREASHVLEVKNVKKEVHDSESHQLALQKEILMLKDKLEKSKRERHNEMEEAVGTIKDKYERERAMLFDENKKLTAENEKLCSFVDKLTAQNRQLEDELQDLAAKKESVAHWEAQIAEIIQWVSDEKDARGYLQALASKMTEELEALRSSSLGSRTLDPLWKVRRSQKLDMSARLELQSALEAEIRAKQLVQEELRKVKDANLTLESKLKDSEAKNRELLEEMEILKKKMEEKFRADTGLKLPDFQDSIFEYFNTAPLAHDLTFRTSSASEQETQAPKPEASPSMSVAASEQQEDMARPPQRPSAVPLPTTQALALAGPKPKAHQFSIKSFSSPTQCSHCTSLMVGLIRQGYACEVCSFACHVSCKDGAPQVCPIPPEQSKRPLGVDVQRGIGTAYKGHVKVPKPTGVKKGWQRAYAVVCDCKLFLYDLPEGKSTQPGVIASQVLDLRDDEFSVSSVLASDVIHATRRDIPCIFRVTASLLGAPSKTSSLLILTENENEKRKWVGILEGLQSILHKNRLRNQVVHVPLEAYDSSLPLIKAILTAAIVDADRIAVGLEEGLYVIEVTRDVIVRAADCKKVHQIELAPREKIVILLCGRNHHVHLYPWSSLDGAEGSFDIKLPETKGCQLMATATLKRNSGTCLFVAVKRLILCYEIQRTKPFHRKFNEIVAPGSVQCLAVLRDRLCVGYPSGFCLLSIQGDGQPLNLVNPNDPSLAFLSQQSFDALCAVELESEEYLLCFSHMGLYVDPQGRRARAQELMWPAAPVACSCSPTHVTVYSEYGVDVFDVRTMEWVQTIGLRRIRPLNSEGTLNLLNCEPPRLIYFKSKFSGAVLNVPDTSDNSKKQMLRTRSKRRFVFKVPEEERLQQRREMLRDPELRSKMISNPTNFNHVAHMGPGDGMQVLMDLPLSAVPPSQEERPGPAPTNLARQPPSRNKPYISWPSSGGSEPSVTVPLRSMSDPDQDFDKEPDSDSTKHSTPSNSSNPSGPPSPNSPHRSQLPLEGLEQPACDT
MRCKG_HUMAN,MERRLRALEQLARGEAGGCPGLDGLLDLLLALHHELSSGPLRRERSVAQFLSWASPFVSKVKELRLQRDDFEILKVIGRGAFGEVTVVRQRDTGQIFAMKMLHKWEMLKRAETACFREERDVLVKGDSRWVTTLHYAFQDEEYLYLVMDYYAGGDLLTLLSRFEDRLPPELAQFYLAEMVLAIHSLHQLGYVHRDVKPDNVLLDVNGHIRLADFGSCLRLNTNGMVDSSVAVGTPDYISPEILQAMEEGKGHYGPQCDWWSLGVCAYELLFGETPFYAESLVETYGKIMNHEDHLQFPPDVPDVPASAQDLIRQLLCRQEERLGRGGLDDFRNHPFFEGVDWERLASSTAPYIPELRGPMDTSNFDVDDDTLNHPGTLPPPSHGAFSGHHLPFVGFTYTSGSHSPESSSEAWAALERKLQCLEQEKVELSRKHQEALHAPTDHRELEQLRKEVQTLRDRLPEMLRDKASLSQTDGPPAGSPGQDSDLRQELDRLHRELAEGRAGLQAQEQELCRAQGQQEELLQRLQEAQEREAATASQTRALSSQLEEARAAQRELEAQVSSLSRQVTQLQGQWEQRLEESSQAKTIHTASETNGMGPPEGGPQEAQLRKEVAALREQLEQAHSHRPSGKEEALCQLQEENRRLSREQERLEAELAQEQESKQRLEGERRETESNWEAQLADILSWVNDEKVSRGYLQALATKMAEELESLRNVGTQTLPARPLDHQWKARRLQKMEASARLELQSALEAEIRAKQGLQERLTQVQEAQLQAERRLQEAEKQSQALQQELAMLREELRARGPVDTKPSNSLIPFLSFRSSEKDSAKDPGISGEATRHGGEPDLRPEGRRSLRMGAVFPRAPTANTASTEGLPAKPGSHTLRPRSFPSPTKCLRCTSLMLGLGRQGLGCDACGYFCHTTCAPQAPPCPVPPDLLRTALGVHPETGTGTAYEGFLSVPRPSGVRRGWQRVFAALSDSRLLLFDAPDLRLSPPSGALLQVLDLRDPQFSATPVLASDVIHAQSRDLPRIFRVTTSQLAVPPTTCTVLLLAESEGERERWLQVLGELQRLLLDARPRPRPVYTLKEAYDNGLPLLPHTLCAAILDQDRLALGTEEGLFVIHLRSNDIFQVGECRRVQQLTLSPSAGLLVVLCGRGPSVRLFALAELENIEVAGAKIPESRGCQVLAAGSILQARTPVLCVAVKRQVLCYQLGPGPGPWQRRIRELQAPATVQSLGLLGDRLCVGAAGGFALYPLLNEAAPLALGAGLVPEELPPSRGGLGEALGAVELSLSEFLLLFTTAGIYVDGAGRKSRGHELLWPAAPMGWGYAAPYLTVFSENSIDVFDVRRAEWVQTVPLKKVRPLNPEGSLFLYGTEKVRLTYLRNQLAEKDEFDIPDLTDNSRRQLFRTKSKRRFFFRVSEEQQKQQRREMLKDPFVRSKLISPPTNFNHLVHVGPANGRPGARDKSPAPEEKGRVARGSGPQRPHSFSEALRRPASMGSEGLGGDADPMKRKPWTSLSSESVSCPQGSLSPATSLMQVSERPRSLPLSPELESSP
CTRO_HUMAN,MLKFKYGARNPLDAGAAEPIASRASRLNLFFQGKPPFMTQQQMSPLSREGILDALFVLFEECSQPALMKIKHVSNFVRKYSDTIAELQELQPSAKDFEVRSLVGCGHFAEVQVVREKATGDIYAMKVMKKKALLAQEQVSFFEEERNILSRSTSPWIPQLQYAFQDKNHLYLVMEYQPGGDLLSLLNRYEDQLDENLIQFYLAELILAVHSVHLMGYVHRDIKPENILVDRTGHIKLVDFGSAAKMNSNKMVNAKLPIGTPDYMAPEVLTVMNGDGKGTYGLDCDWWSVGVIAYEMIYGRSPFAEGTSARTFNNIMNFQRFLKFPDDPKVSSDFLDLIQSLLCGQKERLKFEGLCCHPFFSKIDWNNIRNSPPPFVPTLKSDDDTSNFDEPEKNSWVSSSPCQLSPSGFSGEELPFVGFSYSKALGILGRSESVVSGLDSPAKTSSMEKKLLIKSKELQDSQDKCHKMEQEMTRLHRRVSEVEAVLSQKEVELKASETQRSLLEQDLATYITECSSLKRSLEQARMEVSQEDDKALQLLHDIREQSRKLQEIKEQEYQAQVEEMRLMMNQLEEDLVSARRRSDLYESELRESRLAAEEFKRKATECQHKLLKAKDQGKPEVGEYAKLEKINAEQQLKIQELQEKLEKAVKASTEATELLQNIRQAKERAERELEKLQNREDSSEGIRKKLVEAEELEEKHREAQVSAQHLEVHLKQKEQHYEEKIKVLDNQIKKDLADKETLENMMQRHEEEAHEKGKILSEQKAMINAMDSKIRSLEQRIVELSEANKLAANSSLFTQRNMKAQEEMISELRQQKFYLETQAGKLEAQNRKLEEQLEKISHQDHSDKNRLLELETRLREVSLEHEEQKLELKRQLTELQLSLQERESQLTALQAARAALESQLRQAKTELEETTAEAEEEIQALTAHRDEIQRKFDALRNSCTVITDLEEQLNQLTEDNAELNNQNFYLSKQLDEASGANDEIVQLRSEVDHLRREITEREMQLTSQKQTMEALKTTCTMLEEQVMDLEALNDELLEKERQWEAWRSVLGDEKSQFECRVRELQRMLDTEKQSRARADQRITESRQVVELAVKEHKAEILALQQALKEQKLKAESLSDKLNDLEKKHAMLEMNARSLQQKLETERELKQRLLEEQAKLQQQMDLQKNHIFRLTQGLQEALDRADLLKTERSDLEYQLENIQVLYSHEKVKMEGTISQQTKLIDFLQAKMDQPAKKKKGLFSRRKEDPALPTQVPLQYNELKLALEKEKARCAELEEALQKTRIELRSAREEAAHRKATDHPHPSTPATARQQIAMSAIVRSPEHQPSAMSLLAPPSSRRKESSTPEEFSRRLKERMHHNIPHRFNVGLNMRATKCAVCLDTVHFGRQASKCLECQVMCHPKCSTCLPATCGLPAEYATHFTEAFCRDKMNSPGLQTKEPSSSLHLEGWMKVPRNNKRGQQGWDRKYIVLEGSKVLIYDNEAREAGQRPVEEFELCLPDGDVSIHGAVGASELANTAKADVPYILKMESHPHTTCWPGRTLYLLAPSFPDKQRWVTALESVVAGGRVSREKAEADAKLLGNSLLKLEGDDRLDMNCTLPFSDQVVLVGTEEGLYALNVLKNSLTHVPGIGAVFQIYIIKDLEKLLMIAGEERALCLVDVKKVKQSLAQSHLPAQPDISPNIFEAVKGCHLFGAGKIENGLCICAAMPSKVVILRYNENLSKYCIRKEIETSEPCSCIHFTNYSILIGTNKFYEIDMKQYTLEEFLDKNDHSLAPAVFAASSNSFPVSIVQVNSAGQREEYLLCFHEFGVFVDSYGRRSRTDDLKWSRLPLAFAYREPYLFVTHFNSLEVIEIQARSSAGTPARAYLDIPNPRYLGPAISSGAIYLASSYQDKLRVICCKGNLVKESGTEHHRGPSTSRSSPNKRGPPTYNEHITKRVASSPAPPEGPSHPREPSTPHRYREGRTELRRDKSPGRPLEREKSPGRMLSTRRERSPGRLFEDSSRGRLPAGAVRTPLSQVNKVWDQSSV
DMPK_HUMAN,MSAEVRLRRLQQLVLDPGFLGLEPLLDLLLGVHQELGASELAQDKYVADFLQWAEPIVVRLKEVRLQRDDFEILKVIGRGAFSEVAVVKMKQTGQVYAMKIMNKWDMLKRGEVSCFREERDVLVNGDRRWITQLHFAFQDENYLYLVMEYYVGGDLLTLLSKFGERIPAEMARFYLAEIVMAIDSVHRLGYVHRDIKPDNILLDRCGHIRLADFGSCLKLRADGTVRSLVAVGTPDYLSPEILQAVGGGPGTGSYGPECDWWALGVFAYEMFYGQTPFYADSTAETYGKIVHYKEHLSLPLVDEGVPEEARDFIQRLLCPPETRLGRGGAGDFRTHPFFFGLDWDGLRDSVPPFTPDFEGATDTCNFDLVEDGLTAMVSGGGETLSDIREGAPLGVHLPFVGYSYSCMALRDSEVPGPTPMELEAEQLLEPHVQAPSLEPSVSPQDETAEVAVPAAVPAAEAEAEVTLRELQEALEEEVLTRQSLSREMEAIRTDNQNFASQLREAEARNRDLEAHVRQLQERMELLQAEGATAVTGVPSPRATDPPSHLDGPPAVAVGQCPLVGPGPMHRRHLLLPARVPRPGLSEALSLLLFAVVLSRAAALGCIGLVAHAGQLTAVWRRPGAARAP
GRK1_HUMAN,MDFGSLETVVANSAFIAARGSFDGSSSQPSRDKKYLAKLKLPPLSKCESLRDSLSLEFESVCLEQPIGKKLFQQFLQSAEKHLPALELWKDIEDYDTADNDLQPQKAQTILAQYLDPQAKLFCSFLDEGIVAKFKEGPVEIQDGLFQPLLQATLAHLGQAPFQEYLGSLYFLRFLQWKWLEAQPMGEDWFLDFRVLGKGGFGEVSACQMKATGKLYACKKLNKKRLKKRKGYQGAMVEKKILMKVHSRFIVSLAYAFETKADLCLVMTIMNGGDIRYHIYNVNEENPGFPEPRALFYTAQIICGLEHLHQRRIVYRDLKPENVLLDNDGNVRISDLGLAVELLDGQSKTKGYAGTPGFMAPELLQGEEYDFSVDYFALGVTLYEMIAARGPFRARGEKVENKELKHRIISEPVKYPDKFSQASKDFCEALLEKDPEKRLGFRDETCDKLRAHPLFKDLNWRQLEAGMLMPPFIPDSKTVYAKDIQDVGAFSTVKGVAFDKTDTEFFQEFATGNCPIPWQEEMIETGIFGELNVWRSDGQMPDDMKGISGGSSSSSKSGMCLVS
